id,Lon,Lat,Location,Date Measured,Thickness (inches),Snow on ice (inches),observer,Public Note with Ob,Interal Notes
547,-143.261,62.5171,Jack Lake\, approx. 1 mile off Nabesna Road,2023-10-30 18:45:00,12.8,2,,Jack Lake\, approx. 1 mile off Nabesna Road,Fresh Eyes on Ice email\r\nA new observation has been added to the Fresh Eyes on Ice system and requires action.\r\n\r\nDescription: Jack Lake\, approx. 1 mile off Nabesna Road\, photos views: East\, Southwest toward Mt Sanford\, up\, and down. Ice 32.5 cm thick\, snow on surrounding ground 4cm.\r\nPosition Entry: interactive\r\nLatitude: 62.517084\r\nLongitude: -143.261126\r\nGoogle Maps:  Link\r\nCreated: Oct. 31\, 2023\, 3:11 a.m. UTC\r\n[FreshEyes] New observation\r\nOct 30\, 2023\, 7:11‚ÄØPM
546,64.91,-141.198,Calico Bluffs,2023-05-10 18:24:00,44.0,0,Andy Bassich,Soft but not rotten. Normally around 18-24". No water perking through ice.,
545,-141.187,64.9192,Yukon River at Calico Bluff near Eagle,2023-05-08 18:00:00,35.0,,Andy Bassich ,,
544,-162.109,60.652,Mouth of Johnson River,2023-04-25 21:01:00,48.0,4,,Measurements are estimates ,
543,-160.344,61.52,Kalskag,2023-04-25 20:49:00,36.0,,,Ice fishing holes 36 inches\, or anywhere between 28 and 36 inches. 3 to 4 ft snow in woods ,
541,-159.49,61.57,Aniak River,2023-04-25 20:37:00,30.0,,,Estimated ice thickness ,
540,-159.539,61.5855,Aniak,2023-04-25 20:33:00,50.0,,,estimated ice thicknesses ,
539,-158.12,61.866,Crooked Creek (on Kusko near mouth of creek),2023-04-25 20:20:00,38.0,,,,
531,-159.785,61.5677,Crow Village at Kuskokwim,2023-04-24 18:00:00,50.0,,BSAR,LOCATION ESTIMATED,
532,-159.859,61.5805,Birch Tree gravel pit near Kuskokwim,2023-04-24 18:00:00,58.0,,BSAR,LOCATION ESTIMATED,
533,-160.366,61.5052,Downstream of Lower Kalskag upper end of the island below the village on Kuskokwim,2023-04-24 18:00:00,40.0,,BSAR,LOCATION ESTIMATED,
534,-160.366,61.4697,Dick Nash's on Kuskokwim,2023-04-24 18:00:00,51.0,,BSAR,LOCATION ESTIMATED,
535,-160.518,61.4429,Nicoli Sergie's on Kuskokwim,2023-04-24 18:00:00,48.0,,BSAR,LOCATION ESTIMATED,
536,-160.538,61.4108,Coffee's Bend,2023-04-24 18:00:00,44.0,,BSAR,LOCATION ESTIMATED,
537,-160.564,61.4234,Iftikum's on Kuskokwim,2023-04-24 18:00:00,45.0,,BSAR,LOCATION ESTIMATED,
538,-157.175,61.7035,Sleetmute (Kusko River),2023-04-23 20:05:00,28.0,6,Fresh Eyes on Ice,Snow depth on land is close to 30 inches\, well above normal for this time of year ,
521,-161.343,60.8688,Nurpaq to below Akiak - Kuskokwim River,2023-04-17 18:22:00,48.0,,Mark Leary,Min: 13 in\r\nMax: 59 in\r\nAverage: 48 in,
520,-161.295,60.9068,Mid-Kuskokwak to Nurpaq - Kuskokwim River\r\n,2023-04-17 18:21:00,47.0,,Mark Leary,Min: 39 in\r\nMax: 52 in\r\nAverage: 47 in\r\n,
519,-161.371,60.83,Kuik to Mid-Kuskokwak -- Kuskokwim\r\n,2023-04-17 18:19:00,45.0,,Mark Leary,Min: 13 in\r\nMax: 115 in\r\nAverage: 45 in\r\n,Ice radar... 
518,-161.231,60.8972,Kuskokwim: Akiak Caunaq\r\n,2023-04-17 18:15:00,40.0,,Mark Leary,Average: 40 inches\r\nMin: 14 inches\r\nMax: 65 inches\r\n\r\n,ice radar transects
542,-159.745,61.558,4 miles upriver from Birch Crossing,2023-04-15 20:39:00,60.0,6,road crew,thickness/ snow measurement are estimates,
526,-157.175,61.7035,Sleetmute (Kusko River),2023-04-14 15:50:00,27.1,8,,,
512,-161.68,60.8205,Kuskokwim River just upstream of Bethel,2023-04-13 20:29:00,41.0,,Mark Leary,,
513,-161.67,60.8332,Kuskokwim River just upstream of Bethel,2023-04-13 20:29:00,43.0,,Mark Leary,,
514,-161.651,60.8435,Kuskokwim River just upstream of Bethel,2023-04-13 20:29:00,43.0,,Mark Leary,,
515,-161.623,60.8495,Kuskokwim River just upstream of Bethel,2023-04-13 20:29:00,50.0,,Mark Leary,,
516,-161.593,60.8471,Kuskokwim River just upstream of Bethel,2023-04-13 20:29:00,51.0,,Mark Leary,,
517,-161.576,60.837,Kuskokwim River just upstream of Bethel,2023-04-13 20:29:00,48.0,,Mark Leary,,
507,-161.738,60.7902,Kuskokwim River just upstream of Bethel,2023-04-13 20:29:00,49.0,,Mark Leary,,
508,-161.716,60.7817,Kuskokwim River just upstream of Bethel,2023-04-13 20:29:00,51.0,,Mark Leary,,
509,-161.689,60.7844,Kuskokwim River just upstream of Bethel,2023-04-13 20:29:00,49.0,,Mark Leary,,
510,-161.668,60.7908,Kuskokwim River just upstream of Bethel,2023-04-13 20:29:00,45.0,,Mark Leary,,
511,-161.678,60.8064,Kuskokwim River just upstream of Bethel,2023-04-13 20:29:00,40.0,,Mark Leary,,
527,-157.175,61.7035,Sleetmute (Kusko River),2023-04-06 15:51:00,27.9,9,,,
522,162.992,67.5742,Third Lake @ Noatak,2023-04-02 15:44:00,35.3,11,,,
505,-147.215,64.7683,Chena Lake  (FEOI),2023-03-27 23:00:00,32.0,,FEOI Mark Kularski,FEOI,Mark Kularski\r\nEmail: markkularski@yahoo.com
523,-162.992,67.5742,Third Lake @ Noatak,2023-03-26 15:45:00,35.2,9,,,
504,-159.529,61.5835,Kuskokwim R at Aniak river-right,2023-03-19 01:07:00,33.5,,Dan Gillikin,Note: Hit bottom\, no depth or velocity measurements.,From Dan Gillikin for Ben Loeffler PMCE ACEP UAF :: Metadata: Velocity probe used was a OTT MF Pro\, five 20 second measurements were made at\r\neach site at a depth of 2 m. as measured from the top of the ice. Min and Max readings are the observed highest instantaneous readings\, Avg. is of all five readings at each site. GPS used was a Garmin 64s\, approx. 2 ft. accuracy. Coordinates are in DDM\, WGS 84.
503,-159.53,61.5828,Kuskokwim R at Aniak mid-river,2023-03-19 00:39:00,41.3,,Dan Gillikin,Water Depth: 6.70 m. as measured from top of ice to bottom of river.\r\nVelocity: Max 0.54\, Min 0.41\, Avg 0.48 m/s\r\nNote: Water was brown\, tannic in color.,From Dan Gillikin for Ben Loeffler PMCE ACEP UAF :: Metadata: Velocity probe used was a OTT MF Pro\, five 20 second measurements were made at\r\neach site at a depth of 2 m. as measured from the top of the ice. Min and Max readings are the observed highest instantaneous readings\, Avg. is of all five readings at each site. GPS used was a Garmin 64s\, approx. 2 ft. accuracy. Coordinates are in DDM\, WGS 84.
502,-159.531,61.5821,Kuskowim R at Aniak river-left ,2023-03-19 00:07:00,33.5,,Dan Gillikin,Water Depth: 3.350 m. as measured from top of ice to bottom of river.\r\nVelocity: Max 0.41\, Min 0.35\, Avg 0.37 m/s\r\nNote: Water was very clear\, probably being influenced by Aniak River discharge.,From Dan Gillikin for Ben Loeffler PMCE ACEP UAF :: Metadata: Velocity probe used was a OTT MF Pro\, five 20 second measurements were made at\r\neach site at a depth of 2 m. as measured from the top of the ice. Min and Max readings are the observed highest instantaneous readings\, Avg. is of all five readings at each site. GPS used was a Garmin 64s\, approx. 2 ft. accuracy. Coordinates are in DDM\, WGS 84.
506,-160.086,60.9827,Tuluksak River,2023-03-13 18:00:00,32.0,,BSAR,Location estimated. Ice thickness ranges 27-36 inches; average used here.,from Gogo Sakar https://www.facebook.com/groups/433512193777148
500,-156.904,64.7354,Yukon River at Galena,2023-03-09 16:34:00,38.0,26,Karin Bodony,In an area of jumbled ice,The main measurement is in an area that was not jumbled.
528,-157.175,61.7035,Sleetmute (Kusko River),2023-03-08 15:52:00,23.9,16,,,
529,61.7035,-157.175,Sleetmute (Kusko River),2023-03-07 15:54:00,20.2,18,,,
501,-159.582,61.5836,Farm Pond Aniak ,2023-03-07 00:00:00,21.7,6,Dan Gillikin,Weather: temp -10 F\, wind 10 mph\, overcast. 2" overflow. ,
499,-147.503,64.8222,Chena lakes. South of boat ramp.,2023-03-06 16:22:00,38.0,,Mark Kularski,from FEOI,markkularski@yahoo.com
494,-149.606,68.6821,Toolik Lake @ Toolik,2023-03-02 00:00:00,49.6,4,Toolik Staff,,
493,-142.985,63.3366,Tok @ Jan Lake,2023-03-01 00:00:00,34.3,41,Tok School,,
524,-162.992,67.5742,Third Lake @ Noatak,2023-02-19 15:47:00,29.5,8,,,
492,-141.208,64.785,Yukon River @ Eagle,2023-02-17 00:00:00,55.8,19,Eagle community school,,
341,-159.582,61.5836,Farm Pond Aniak ,2023-02-12 02:00:00,21.7,10,Dan Gillikin,Weather: temp -5 F\, wind 10 mph\, overcast. No overflow on top of ice but there were\r\nseveral layers of old overflow that had refroze present.,
490,-147.751,64.8605,Noyes Slough @ Fairbanks,2023-02-10 00:00:00,23.1,11,Anne Wien Fourth Graders,Snowmachine trail was 93 cm.   The ice thickness under the bridge was 77 cm. All measurements we drilled were to frozen to the bottom.  We used the power drill today and it worked great!,
491,-147.876,64.7924,Tanana River @ Fairbanks,2023-02-10 00:00:00,21.8,0,Matthew Scragg,2.5 to 5 m slush under ice @ Rosie Creek,
498,-147.823,64.9194,Big Trail Lake @ Goldstream,2023-02-06 00:00:00,22.0,0,AB,Lot of snow ice\, 15.5 cm according to Ornelas overflow monitor,
530,-157.175,61.7035,Sleetmute (Kusko River),2023-02-02 15:55:00,16.4,13,,,
481,-149.606,68.6821,Toolik Lake @ Toolik,2023-02-01 00:00:00,37.4,4,Toolik Staff,The snow was much deeper at the spot with an ice thickness of 82 and the water depth at this location is shallower.  I was surprised though that the ice was 20 cm thinner.,
482,-147.79,64.8628,Dog Pits,2023-02-01 00:00:00,19.7,11,Chris Arp,About 13 cm of snow ice with a unfrozen layer at 10 cm,
480,-147.876,64.7924,Tanana River @ Fairbanks,2023-01-20 00:00:00,20.6,5,Matthew Scragg,Snow ice was 10cm. Collected additional data. ,
475,-156.877,64.7445,Alexander Lake @ Galena,2023-01-19 00:00:00,18.3,10,SHS Galena Team A, Water in the first and third hole had a sulfur smell\, but not the second.  The ice cracked under us even though it is thick.                    ,
478,-161.766,60.7999,Browns Slough @ Bethel,2023-01-17 00:00:00,30.9,4,Bethel Regional High ,Ice thickness #2-hit slough bottom\, Water depth #1=154cm\, Water depth #2=111cm\, Water depth #3=135cm\,  Ph 6.6\, Water temp. 33 ,
474,-141.208,64.785,Yukon River @ Eagle,2023-01-13 00:00:00,24.3,14,Eagle Community School,There were pockets of air in between two ice layers from when the river originally froze and then later dropped. We had two community members fall through the ice into air pockets. When our school went out on the ice we exercised extra caution.,
340,-147.751,64.8601,Noyes Slough,2023-01-11 20:00:00,16.5,,Jenn Wallace,From Fresh Eyes on Ice ,FEOI Text: It takes an AWEsome team to measure the Noyes Slough ice in Fairbanks\, Alaska. Ice thickness was 42 cm. The snowmachine trail was 80 cm.
473,-142.985,63.3366,Tok @ Jan Lake,2023-01-11 00:00:00,18.7,37,Pathways Measurements,Good time out there. Thanks Hunter\, Makenna\, Bruce\, Brian\, Travis\, from young to old!,
525,-162.992,67.5742,Third Lake @ Noatak,2023-01-06 15:48:00,21.3,5,,,
472,-147.751,64.8605,Noyes Slough @ Fairbanks,2023-01-06 00:00:00,16.7,11,Anne Wien 4th ,In measurement #2 the ice was frozen almost to the bottom.  The snowmachine trail was 80 cm.  ,
471,-147.867,64.8655,Smith Lake @ Fairbanks,2023-01-03 00:00:00,17.9,6,Cristina Ornelas,More than 10 cm of snow ice,
495,-147.823,64.9194,Big Trail Lake @ Goldstream,2023-01-03 00:00:00,18.5,0,AB,I think a lot of this is snow ice\, there was big overflow here a couple weeks ago,
469,-147.79,64.8628,Dog Pits,2023-01-02 00:00:00,14.2,12,CDA,overcast and 10 deg F; no recent snowfall; +1.5 cm freeboard and 3 cm snowice,
470,-149.606,68.6821,Toolik Lake @ Toolik,2023-01-02 00:00:00,31.6,4,TFS Staff,,
339,-147.751,64.8601,Noyes Slough,2022-12-14 21:07:00,18.0,,Jenn Wallace,From Fresh Eyes on Ice ,FEOI Text: It was a chilly day for our first ice measurement on the Noyes Slough. We learned that warm winter gear is crucial for us to have a good time. The ice thickness was 46 centimeters. We explored under the Danby bridge and spotted a bike frozen in time 12-14-22
465,-147.751,64.8605,Noyes Slough @ Fairbanks,2022-12-14 00:00:00,17.7,9,Anne Wien 4th,Since we were having problems with the auger and it was our first time out with the class\, we predrilled holes the night before.  The next day when we went out on the ice with the kids there was a lot of overflow.  Students commented that the water smelled stinky.  The snowmachine trail was 52 cm.  We couldn't drill a hole under Danby bridge for a measurement.,
468,-149.606,68.6821,Toolik Lake @ Toolik,2022-12-04 00:00:00,22.4,3,TFS Staff,,
464,-147.79,64.8628,Dog Pits,2022-12-01 00:00:00,12.5,7,Chris Arp,2 cm of snow ice; fresh snow fell last night; currently about -18 C and clear; reported overflow post observation,
466,-156.877,64.7445,Alexander Lake @ Galena,2022-12-01 00:00:00,11.3,8,Cristina O and Karin B,First overflow event 11-30-2022,
463,-156.877,64.7445,Alexander Lake @ Galena,2022-11-30 00:00:00,9.3,9,SHS Elementary,Water temp. 32F\, air temp 2F\, no overflow,
467,-147.867,64.8655,Smith Lake @ Fairbanks,2022-11-26 00:00:00,11.8,6,Cristina O,,
462,-142.985,63.3366,Tok @ Jan Lake,2022-11-16 00:00:00,4.9,8,Kelso - Tok,There was some ice on the other side of the lake that may have only been like 8 cm thick so of course we avoided it!,
458,-156.877,64.7445,Alexander Lake @ Galena,2022-11-10 00:00:00,7.7,4,Galena Team A,air temp 28\, 30 degrees F; water temp. 32\, 30\, 31 degrees F; water was not stinky\, it was pretty clear.,
460,-149.606,68.6821,Toolik Lake @ Toolik,2022-11-10 00:00:00,16.5,1,Toolik Staff2.4,,
497,-147.823,64.9194,Big Trail Lake @ Goldstream,2022-11-10 00:00:00,11.4,0,AB,,
454,-147.79,64.8628,Dog Pits,2022-11-03 00:00:00,8.7,2,Arp\, Ornelas,Snowing\, 2 cm snow ice\, and set up overflow sensors,
453,-147.867,64.8655,Smith Lake @ Fairbanks,2022-11-01 00:00:00,6.2,2,Cristina Ornelas,,
456,-156.877,64.7445,Alexander Lake @ Galena,2022-10-21 00:00:00,0.4,0,4th/5th Grade Class ,,
448,-149.606,68.6821,Toolik Lake @ Toolik,2022-06-01 00:00:00,41.9,0,Toolik Staff,Probably our last measurement of the season\, while thick ice accessing it is getting difficult,
447,-149.606,68.6821,Toolik Lake @ Toolik,2022-05-03 00:00:00,49.0,4,Toolik Staff,,
445,-144.145,61.5225,Sculpin Lake,2022-05-01 00:00:00,25.1,0,Tenley Nelson,Sylvia did not come with me to make these measurements as the overflow was rotten and I had to walk very carefully using snowshoes to not punch through to the stronger ice below. Ice is definitely degrading and no longer safe for travel. Lake is starting to open on the shoreline.,
337,-140.776,64.6138,Yukon River in front Fanning Creek just upriver of the border.,2022-04-19 12:00:00,61.0,24,Local Observer,Thickest ice observed at this location in the last 6 years by a few inches. ,Taken by: norm.carlson@northwestel.net
414,-146.357,67.0578,Big Lake @ Venetie,2022-04-15 00:00:00,51.2,20,John Fredson School,,
338,-159.582,61.5836,Farm Pond Aniak ,2022-04-10 23:20:00,35.5,1,Dan Gillikin,Temp: 38F\, calm\, overcast,
335,-141.187,64.9138,Calico Bluffs\, near Eagle\, AK,2022-04-08 15:18:00,32.0,,Andy Bassich,Current ice in main channel is 32‚Äù thick and hard and solid.\r\n\r\nSnow pack on the river was very high this year over 30‚Äù in many areas solid 24‚Äù in most areas.\r\n\r\nVery windy winter with a lot of drifting everywhere on the river. Some areas of the river are  showing a lot of silt. So melting of the snow to the river ice in those areas should be fairly fast. ,
443,-145.544,68.1266,Arctic Village,2022-04-08 00:00:00,33.7,13,Arctic Village School,,
404,-156.877,64.7445,Alexander Lake @ Galena,2022-04-07 00:00:00,28.2,21,SHS - Team A,Depth entered is an average. Depths were 157\, 136\, 140. Hole #1 was full of black water and decayed plants. Hole #2 was bubbling with a lot of gas.,
446,-149.606,68.6821,Toolik Lake @ Toolik,2022-04-05 00:00:00,44.6,6,Toolik Staff,sorry for the late submissions,
398,-141.053,64.745,Long Lake @ Eagle Village,2022-03-31 00:00:00,28.1,15,Eagle Community School,,
410,-161.766,60.7999,Browns Slough @ Bethel,2022-03-31 00:00:00,41.3,0,Bethel,We moved to the location of the Brown Slough beaver lodge. The temperature had gone up in bethel so there was about 2 inches of standing water on the ice. We only took one measurement because it took us over an hour to hand drill the hole. We observed recent beaver activity. There were fresh branches on the lodge.,
444,-144.145,61.5225,Sculpin Lake,2022-03-31 00:00:00,32.3,5,Sylvia and Tenley Nelson,Significant overflow layers on top of the main ice. Unable to accurately measure though we can feel them as we drill through the water/ice.,
392,-159.561,62.6797,Shageluk Lake @ Shageluk,2022-03-30 00:00:00,38.1,11,Innoko River School,Lots of shiny patches of overflow. Took measurements in the overflow zones\, too. Measured 116 cm\, 115\, cm\, and 119 cm of ice in the overflow zones.,
322,-164.522,62.744,Emmonak,2022-03-29 21:00:00,60.0,0,Paul Andrews,Location approximate. Ice thickness estimate. No snow on river since December 2021 storm/rain event. Excessive wind blown sand distributed across river ice.,
387,-147.751,64.8605,Noyes Slough @ Fairbanks,2022-03-25 00:00:00,30.6,14,Anne Wien Fourth Graders,The snow is sugar snow\,  The water smells like rotten eggs and is yellowish and greenish.  The water levels went up and down.  The snowmachine trail ice thickness was 116.,
397,-141.208,64.785,Yukon River @ Eagle,2022-03-25 00:00:00,34.3,7,Eagle Community School ,The water depth was 200+ cm\, our stick was not long enough to touch the bottom and/or the flow was too strong to feel the bottom.,
440,-144.947,61.7192,Kenny Lake,2022-03-25 00:00:00,25.2,20,Dom Bryan,pH taken were 6.8\, 6.4\, 6.4\, 6.4.  ,
406,-146.357,67.0578,Big Lake @ Venetie,2022-03-22 00:00:00,39.4,44,John Fredson,,
385,-162.994,67.5741,Third Lake @ Noatak,2022-03-11 00:00:00,38.5,9,Noatak ARM class,Crusty\, windblown snow,
441,-144.947,61.7192,Kenny Lake,2022-03-11 00:00:00,24.2,23,Tim Lorenz,DO readings\, 7\, 8\, and 8. Shrimp were seen during ice measurements. Area has snowmachine traffic and Moose crossing,
386,-145.544,68.1266,Arctic Village,2022-03-08 00:00:00,28.6,12,Arctic Village School,,
334,-154.262,66.045,KRHA2 Koyukuk R at Hughes,2022-03-07 19:00:00,36.0,,USGS,,IT parameter not configured for KRHA2 in HydDsply
383,-155.6,62.9541,McGrath,2022-03-07 00:00:00,35.0,15,McGrath School,Trail measurements: 103 cm and 104 cm and 106 cm ice thickness; undetermined animal tracks starting with letter M (mink\, marten and/or moose...muskrat?),
321,-155.508,62.924,Science Camp Pond,2022-03-01 01:00:00,34.6,18,Chris Arp,FEOI Msc,
379,-144.145,61.5225,Sculpin Lake,2022-03-01 00:00:00,30.2,6,Sylvia and Tenley Nelson,Ice has a frozen crust of overflow of several inches\, then overflow slush before the solid ice. There has been an enormous amount of overflow on the lake in February. Could not ski on it for several weeks. We measured it as all ice because we could not shovel through it.,
384,-149.606,68.6821,Toolik Lake @ Toolik,2022-03-01 00:00:00,37.5,5,TFS Staff,,
378,-141.208,64.785,Yukon River @ Eagle,2022-02-28 00:00:00,32.2,8,Eagle Community School,Our stick would not touch bottom\, so water measured more than 215 cm.  When we tried to drop the measuring tape the current swept it away and we couldn't determine the depth of the water accurately.  We were in the main channel of the river. ,
382,-155.6,62.9541,McGrath,2022-02-28 00:00:00,34.9,17,Sarah\, Allen\, and Chris,trail measurements: 95 .5 cm ice thickness and 14 cm snow depth; freeboard + 5 cm; 34 cm snow ice; temp = 0.4\, specific conductivity = 435 uS/cm\, dissolved oxygen = 1.4%,
320,-154.403,62.998,SF Kuskokwim R nr Nikolai,2022-02-27 23:00:00,41.7,22,Chris Arp,FEOI 621NOWZ,
375,-162.994,67.5741,Third Lake @ Noatak,2022-02-25 00:00:00,38.0,8,Napaaqtugmuit ARM class,The temperature the last 2 days was 30* F\, 38*F\, and 30*F today,
376,-147.751,64.8605,Noyes Slough @ Fairbanks,2022-02-25 00:00:00,28.7,15,Anne Wien Fourth Graders,Location #1 water was green.  The snowmachine trail ice thickness was 95 cm.  Under the Danby bridge the ice thickness was 100 cm and hit the bottom of the Slough.,
377,-141.053,64.745,Long Lake @ Eagle Village,2022-02-25 00:00:00,57.1,12,Eagle Community School,Our battery on the drill died after our first hole\, so we had to abort the mission.,
381,-144.947,61.7192,Kenny Lake,2022-02-25 00:00:00,24.3,15,Willow creek Team #1,A fresh water shrimp was noted in hole 3. pH was (1) 7.5\,  (2) 7.2 \, (3) 7.1. Dissolved O2 (1) 7 \, (2) 2 \, (3) 7. Low DO was same general location as last time. Moose tracks and Snow machine track. ,
333,-145.712,65.3925,BCTA2 Birch C nr Circle,2022-02-23 19:00:00,24.0,,USGS,,IT parameter not configured for BCTA2 in HydDsply.
319,-152.414,61.993,Shirley Lake,2022-02-21 23:00:00,34.2,5,Chris Arp,FEOI WP007,
318,-151.538,61.92,One Stoone Lake,2022-02-21 21:00:00,42.5,21,Chris Arp,FEOI WP004,
317,-150.378,61.593,Susitna River,2022-02-20 22:00:00,35.0,35,Chris Arp,FEOI WP001,
371,-147.867,64.8655,Smith Lake @ Fairbanks,2022-02-14 00:00:00,25.7,19,Cristina Ornelas,ice layer between the snow\, overall ice thickness seems thick for the amount of snow. ,
370,-144.947,61.7192,Kenny Lake,2022-02-04 00:00:00,23.9,25,Upstream Learning group,Water depth varies: between 150 and 186cm. Heavy snow fall the 2 days before. Light snowfall during the observation. ,
316,-159.582,61.5836,Farm Pond Aniak ,2022-02-02 23:20:00,30.7,7,Dan Gillikin,Temp: 10F\, calm\, overcast,
369,-149.606,68.6821,Toolik Lake @ Toolik,2022-02-02 00:00:00,33.5,6,Toolik Staff,,
374,-162.994,67.5741,Third Lake @ Noatak,2022-02-01 00:00:00,32.3,5,Napaaqtugmiut ARM class,Layer of overflow under layer of ice.,
368,-144.145,61.5225,Sculpin Lake,2022-01-30 00:00:00,20.4,14,Sylvia and Tenley Nelson,The first week of January we had lows of minus 35 to minus 52. The weather warmed the last week of January with one short rain and many days above freezing. The warmer weather and heavy snowfall led to the ice springing multiple open overflow holes. There was 6 cm of standing water on the ice under the snow when we shoveled the snow. It got measured as snow depth,
366,-147.751,64.8605,Noyes Slough @ Fairbanks,2022-01-28 00:00:00,23.9,8,Anne Wien Elementary 4th ,Ice was milky white in location 1.  Ice was yellow in location 3.  Snowmachine trail ice thickness was 82 cm.  Under the bridge was 75+ (we needed an extension) Ranger Sam joined us.  We used his power auger to expedite the process.  We walked to the slough in snowshoes.  Saw lots of moose scat.,
367,-141.053,64.745,Long Lake @ Eagle Village,2022-01-28 00:00:00,15.7,7,Eagle Community School ,When we drilled down we hit some slushy mud but the ice was too close to the bottom for the metal (butterfly) device to turn and catch on the ice shelf--it simply stayed upright in the hole.  Ultimately\, we used the measuring stick to get our measurement and our snow shoes to walk out into the middle of the lake. It's frozen to the bottom now.\n\n,
365,-147.876,64.7924,Tanana River @ Fairbanks,2022-01-24 00:00:00,21.7,0,Allen Bondurant,many other observations collected near Rosie Creek; MP data not yet available,
360,-144.947,61.7192,Kenny Lake,2022-01-17 00:00:00,22.8,8,Mark Proch and Team,Tested pH at all three Ice holes and it seemed high + 8 or above. Much evidence of snowshoe hare activity along the edge of the creek(willows). Several snow machine tracks had crossed the creek. Two ice holes had water trapped between layers. Temp was much warmer after a week of -40 and below weather.,
362,-141.208,64.785,Yukon River @ Eagle,2022-01-15 00:00:00,29.1,3,Eagle Community School ,Our transporters took the kids on snow machines to the middle of river for the measurements because others were seen traveling safely on it prior to our observation.  It was cloudy but temps were above zero and comfortable enough to be outside.  We had a fire and a picnic on the riverbank.,
399,-155.6,62.9541,McGrath,2022-01-14 00:00:00,33.1,1,McGrath School,Significant cracks running down the slough and shelf ice drops along the banks,
357,-162.994,67.5741,Third Lake @ Noatak,2022-01-13 00:00:00,31.1,5,Napaaqtugmiut ARM class,Looks like the lake had overflow and then froze. There was a layer of ice about 10cm and then a layer of water about 10cm and then solid ice below that.,
401,-156.877,64.7445,Alexander Lake @ Galena,2022-01-13 00:00:00,24.5,10,SHS Team A,,
315,-159.582,61.5836,Farm Pond Aniak ,2022-01-12 15:30:00,27.1,2,Dan Gillikin,Temp: 9F\, wind 5mph\, heavy snow,
352,-162.994,67.5741,Third Lake @ Noatak,2022-01-06 00:00:00,24.7,17,Brett Pietila,Deep fluffly snow. Water gushing up out of holes onto ice. Ice was dry on top before I made the holes. After making holes there was 3 cm of water on the ice.,
354,-149.606,68.6821,Toolik Lake @ Toolik,2022-01-05 00:00:00,27.5,4,Toolik Staff,,
351,-144.145,61.5225,Sculpin Lake,2021-12-31 00:00:00,17.4,12,Sylvia and Tenley Nelson,Surprisingly we were able to easily shovel the snow all the way down to the ice again. The snow right above the ice was a little soggy though. All three holes gushed water\, unlike last time when no water came out after drilling. We probably created an overflow situation! We used a drill with the auger this time and it made it super easy.,
314,-161.769,60.7156,Kuskokwim River at Napaskiak,2021-12-27 22:14:00,24.0,,Earl Samuelson,Ice thickness ranged between 20 and 27" ,Forwarded from Chris Arp 
350,-142.985,63.3366,Tok @ Jan Lake,2021-12-22 00:00:00,14.2,10,Tim Lorenzini\, FWS,,
332,-149.718,65.8755,YRBA2 Yukon R nr Stevens Village,2021-12-17 19:00:00,24.0,,USGS,,Cannot enter via HydDsply because past year.
349,-147.751,64.8605,Noyes Slough @ Fairbanks,2021-12-17 00:00:00,14.6,12,Anne Wien Fourth Graders,Snowmachine trail ice thickness:  37 cm;  Under the Danby bridge ice thickness:  63 cm\nWater smelled swampy;  I went back to the slough the next day and there was a lot of overflow where we drilled the day before.,
359,-161.766,60.7999,Browns Slough @ Bethel,2021-12-16 00:00:00,27.6,5,BRHS students/teachers,We only drilled one hole because it was getting dark and while drilling for the first ice thickness measurement we hit dirt.  The temperatures in Bethel had increased quite a bit in the two days previous to collecting data\, so there was some overflow/slushy snow on the slough.  We drilled the hole just before the beaver dam on the slough. ,
353,-149.606,68.6821,Toolik Lake @ Toolik,2021-12-10 00:00:00,20.3,4,Toolik Staff,,
389,-159.561,62.6797,Shageluk Lake @ Shageluk,2021-12-10 00:00:00,20.6,9,Innoko River School,,
324,-148.961,70.2831,KUPA2 Kuparuk R nr Deadhorse,2021-12-08 19:00:00,42.0,,USGS,Didn't end up finding any flow\, so didn't track ice thickness or water depth. 3.5 ft comes from memory based on auger flights used.,cannot enter via HydDsply since past year
323,-148.817,69.015,SGRA2 Sag River nr PS3 near Deadhorse,2021-12-07 19:00:00,36.0,,USGS,,cannot enter via HydDsply since past year
327,-147.839,64.7927,TAFA2 Tanana R at Fairbanks,2021-12-07 19:00:00,23.0,,USGS,,Cannot enter via HydDsply because past year.
344,-147.79,64.8628,Dog Pits,2021-12-07 00:00:00,12.6,6,CDA,~-15C and lightly snowing; no depth measurements taken,
345,-147.867,64.8655,Smith Lake @ Fairbanks,2021-12-07 00:00:00,12.6,7,cda,2 cm of snow ice,
346,-141.053,64.745,Long Lake @ Eagle Village,2021-12-07 00:00:00,13.0,6, Eagle School students,,
325,-149.092,64.5653,ENNA2 Tanana R at Nenana,2021-12-06 19:00:00,18.0,,USGS,,Cannot enter via HydDsply because past year.
300,-148.838,60.7832,Portage Lake,2021-12-04 12:00:00,3.0,4,Brian Brettschneider,Measurement taken 100m from shore near the visitor center parking lot.  There was 4" of snow\, on top of 5" of slushy overflow\, on top of 3" of ice.    ,
312,-150.118,62.7409,Byers Lake,2021-12-03 12:00:00,7.0,5,Alaska State Parks,Ice depth ranged between 6-8",from http://dnr.alaska.gov/parks/asp/denalireport.pdf
299,-147.303,64.7438,Piledriver Slough (Eielson Farm Road)  ,2021-12-03 00:06:00,3.8,0,FEOI,,
298,-147.44,64.8207,Chena Slough (East side) ,2021-12-03 00:04:00,3.0,0,FEOI,,
311,-150.13,61.6806,North Rolly Lake,2021-12-02 12:00:00,11.0,8,Alaska State Parks,Ice depth along West Rolly lake Motorized Corridor ranged between 9-13",from http://dnr.alaska.gov/parks/asp/nancyreport.pdf
313,-150.156,61.6397,Red Shirt Lake,2021-12-02 12:00:00,11.0,8,Alaska State Parks,Ice depth along the Red Shirt Lake Winter Trail ranged between 9-13",from http://dnr.alaska.gov/parks/asp/nancyreport.pdf
301,-149.762,61.2002,Cheney Lake,2021-12-01 12:00:00,9.0,,MOA Parks and Rec,10" @ 50ft and 8" at 100ft from shore.  Measured on skating area.,from https://www.muni.org/departments/parks/documents/icetrailsstatus.pdf
302,-149.88,61.1849,Cuddy Midtown Skate Pond,2021-12-01 12:00:00,12.0,,MOA Parks and Rec,,from https://www.muni.org/departments/parks/documents/icetrailsstatus.pdf
303,-149.955,61.1634,Delong Lake,2021-12-01 12:00:00,11.5,,MOA Parks and Rec,12" @ 50ft and 11" at 100ft from shore.,from https://www.muni.org/departments/parks/documents/icetrailsstatus.pdf
304,-149.82,61.1956,Goose Lake,2021-12-01 12:00:00,10.0,,MOA Parks and Rec,11" @ 50ft and 9" at 100ft from shore.,from https://www.muni.org/departments/parks/documents/icetrailsstatus.pdf
305,-149.965,61.1385,Jewel Lake,2021-12-01 12:00:00,11.5,,MOA Parks and Rec,12" @ 50ft and 11" at 100ft from shore.,from https://www.muni.org/departments/parks/documents/icetrailsstatus.pdf
306,-149.919,61.2071,Westchester Lagoon,2021-12-01 12:00:00,10.0,,MOA Parks and Rec,11" @ 50ft and 9" at 100ft from shore.  Measured on skating area.,from https://www.muni.org/departments/parks/documents/icetrailsstatus.pdf
307,-149.564,61.4025,Beach Lake,2021-12-01 12:00:00,9.0,,MOA Parks and Rec,9" @ 50ft and 9" at 100ft from shore.,from https://www.muni.org/departments/parks/documents/icetrailsstatus.pdf
308,-149.393,61.434,Edmonds Lake,2021-12-01 12:00:00,7.0,,MOA Parks and Rec,9" @ 50ft and 5" at 100ft from shore.,from https://www.muni.org/departments/parks/documents/icetrailsstatus.pdf
309,-149.551,61.3487,Fire Lake,2021-12-01 12:00:00,10.5,,MOA Parks and Rec,10" @ 50ft and 11" at 100ft from shore.,from https://www.muni.org/departments/parks/documents/icetrailsstatus.pdf
310,-149.414,61.4277,Mirror Lake,2021-12-01 12:00:00,14.0,,MOA Parks and Rec,14" @ 50ft and 14" at 100ft from shore.,from https://www.muni.org/departments/parks/documents/icetrailsstatus.pdf
347,-144.145,61.5225,Sculpin Lake,2021-11-30 00:00:00,14.4,4,Sylvia and Tenley Nelson,Due to the weather being consistently cold In October and November with no chinooks\, the snow was easily shoveled off to the ice layer. No overflow freezing to snow. Only one significant snowfall so far this fall.,
296,-156.877,64.7445,Alexander Lake @ Galena,2021-11-23 00:00:00,11.3,2,Hawks Team A,There was barely any snow. There is more snow in the woods by our school. Maybe some of the snow fell before the ice froze on the lake. It was cold and windy on the road\, but the trees blocked the wind on the lake. The water felt sort of warm.,
388,-159.561,62.6797,Shageluk Lake @ Shageluk,2021-11-23 00:00:00,14.0,3,Innoko River School,,
326,-147.395,64.8856,CHLA2 Little Chena R nr Fairbanks,2021-11-18 19:00:00,13.2,,USGS,,Cannot enter via HydDsply because past year.
328,-146.924,64.4727,SALA2 Salcha R near Salchaket,2021-11-16 19:00:00,10.0,,USGS,,Cannot enter via HydDsply because past year.
331,-144.942,64.4505,GBDA2 Goodpaster R nr Big Delta,2021-11-15 19:00:00,16.0,,USGS,,Cannot enter via HydDsply because past year.
295,-141.053,64.745,Long Lake @ Eagle Village,2021-11-12 00:00:00,7.9,1,Eagle Community School,Wolf tracks on the ice\, perfect for ice skating too!,
342,-147.867,64.8655,Smith Lake @ Fairbanks,2021-11-12 00:00:00,6.8,4,Cristina Ornelas,,
343,-147.79,64.8628,Dog Pits,2021-11-12 00:00:00,6.2,3,Cristina Ornelas,water depth was was not measured. ,
390,-159.561,62.6797,Shageluk Lake @ Shageluk,2021-11-12 00:00:00,9.4,3,Innoko River School,,
294,-141.053,64.745,Long Lake @ Eagle Village,2021-11-05 00:00:00,5.8,1,Eagle Community School,Windy,
293,-146.357,67.0578,Big Lake @ Venetie,2021-11-04 00:00:00,5.5,3,John Fredson School,lake depth was 115\, 133\, 147 cm at each hole respectively. Put the mean in the form. We saw some neat Muscat holes and star shaped cracks in the ice when we flew the drone. ,
391,-159.561,62.6797,Shageluk Lake @ Shageluk,2021-11-04 00:00:00,8.3,0,Innoko River School,-14 C,
292,-149.606,68.6821,Toolik Lake @ Toolik,2021-11-02 00:00:00,10.1,3,TFS staff,,
290,-147.867,64.8655,Smith Lake @ Fairbanks,2021-10-29 00:00:00,4.7,1,Cristina Ornelas,,
291,-147.867,64.8655,Smith Lake @ Fairbanks,2021-10-01 00:00:00,0.4,0,Chris Arp,,
287,-149.606,68.6821,Toolik Lake @ Toolik,2021-05-15 00:00:00,51.3,4,TFS Staff,still lots of ice\, the inlet stream is not yet running but we suspect this week it will begin.,
284,-149.606,68.6821,Toolik Lake @ Toolik,2021-04-30 00:00:00,49.9,9,TFS Staff,Ice depth still getting thicker up here at Toolik. Will measure again in two weeks.,
283,-162.994,67.5741,Third Lake @ Noatak,2021-04-28 00:00:00,41.3,11,MS Shop,There were beetles in our old drilled holes. Snow was slushy and soupy.,
282,-162.994,67.5741,Third Lake @ Noatak,2021-04-23 00:00:00,36.2,14,MS Shop,Seagulls on the lake.,
11,-159.001,66.5604,,2021-04-20 20:00:00,34.0,19,,,Snow Depth    -   19 inches    Snow; 2" of granular consolidated crust\, 12" of fine untransformed snow with little wind compaction\, 5" of larger cristal transformed snow with the largest crystals at the bottom and stuck to the ice.\r\n\r\nThe satellite image from 17 April shows large stretches of water on top of the ice from 66.497889¬∞\, -156.896994¬∞ downstream as far as 66.465011¬∞\, -157.865741¬∞ and in the 19 April image it had progressed to 66.481278¬∞\, -158.092827¬∞ about 12 river miles.\r\nIf you want or need other info let me know.
279,-162.994,67.5741,Third Lake @ Noatak,2021-04-19 00:00:00,38.1,17,Brett Pietila,Very few snowmachine tracks this time. Drilled one hole closer to south shore and drilled into the mud. Moved closer to center of lake for holes that had water at the bottom.,
280,-156.877,64.7445,Alexander Lake @ Galena,2021-04-19 00:00:00,31.1,10,Karin and Ida Bodony,3" of water on top of the ice here (under the snow). We used our new\, heavy-duty drill bit from Kovacs and had a much easier time trilling though our tricky lake ice. I'm curious to see how this new bit works next winter for us. We also got a nice new tape measuring system from them after the last setup broke at the beginning of the month.,
10,-141.192,64.8967,Yukon R\, Calico Bluffs\, Andy Bassich Homestead,2021-04-13 21:18:00,51.0,,Andy Bassich,Observer reports\, "Ice thickness at Calico bluff currently 51 inches. Mid- river main channel in area with no jumble ice. Little snowfall and high winds are keeping snow cover at a minimum all winter. River level is low. Bad freeze up at Eagle and 6 miles down stream. Extreme jumble in place. ice pack with little to no water beneath it to the bottom in many areas. I anticipate a late break up and high potential for ice jamming/flooding possible in the Eagle & Calico bluff area (14 miles downstream). Past two days are first spring thawing days. With below freeze temps at night. Bottom line as of now still winter like\,\, no deterioration of snow pack measurable. No appreciable  loss of snow on the river yet.",from Andrew Bassich
272,-147.867,64.8655,Smith Lake @ Fairbanks,2021-04-09 00:00:00,28.2,27,CDA,Several cold days after major snowfall. Lots of overflow through augered holes.,
278,-142.985,63.3366,Tok @ Jan Lake,2021-04-09 00:00:00,40.0,38,Makenna,Kelso- It had started to melt a little on the top layer so snow depths may not be 100% accurate. Ice depth maybe have included a couple of cm of the melted and refroze snow,
268,-161.766,60.7999,Browns Slough @ Bethel,2021-04-05 00:00:00,28.0,3,Bethel,The beaver dam we saw last time was covered with snow.\nMeasurements were taken on a snowmachine trail.\nReached bottom with each measurement.\nRecord snowfall this year.,
281,-156.877,64.7445,Alexander Lake @ Galena,2021-04-05 00:00:00,32.9,17,Karin Bodony,Terrible time with the ice auger\, even using electric drill. Tried sharpening the bit\, but it didn't help much. ,
8,-155.576,62.9724,McGrath Lake,2021-04-02 16:54:00,22.0,31,Nick Snow,11" of snow with 2" of overflow on top followed by another 17" of snow on top,
269,-149.606,68.6821,Toolik Lake @ Toolik,2021-04-02 00:00:00,46.9,8,Toolik Staff,,
9,-159.582,61.5836,Farm Pond near Aniak,2021-04-01 22:40:00,24.8,11,Dan Gillikin,,Site description: this is an elongated pond (old gravel pit) adjacent to the KNA Farm site\r\nlocated approximately 2 miles below the Village of Aniak.\r\nSite is near the center: length and width of pond.\r\nWeather; clear no wind\, temp 10 F.
286,-145.544,68.1266,Arctic Village,2021-04-01 00:00:00,37.5,13,autumn/class,spring is here,
277,-146.357,67.0578,Big Lake @ Venetie,2021-03-25 00:00:00,32.2,11,Venetie Wolf Pack,,
7,-159.411,61.5301,Aniak River Near Aniak,2021-03-18 23:34:00,29.0,, Ann Marie Larquier ,Snow on ice unknown.,ann.larquier@alaska.gov\r\n\r\nWe drilled 20+ holes across a transect but only 19 had water deep enough to measure with the ADCP.  In those 19 holes\, the ice thickness ranged from 2.2 to 2.7 ft thick.\r\n\r\nThe transect was located not too far above the Doestock River confluence
5,-155.576,62.9724,McGrath Lake ,2021-03-07 18:00:00,20.0,25,Nick Snow,12 inches of overflow on ice,Location estimated based on conversation with Nick on the phone. 
262,-149.606,68.6821,Toolik Lake @ Toolik,2021-03-06 00:00:00,43.2,3,TFS Staff,,
263,-147.751,64.8605,Noyes Slough @ Fairbanks,2021-03-05 00:00:00,32.0,14,Anne Wien 4th Graders ,Water depth varied from each hole.  #1 = 244 cm\, #2 = 102 cm\, and #3 = 301 cm\nAlso special project snowmachine trail ice thickness was 107 cm,
271,-147.876,64.7924,Tanana River @ Fairbanks,2021-03-04 00:00:00,40.4,13,CDA,March downstream traverse,
6,-159.582,61.5836,Farm Pond near Aniak,2021-03-02 23:28:00,26.8,18,Dan Gillikin,Overflow depth 4.33 inches. The site is an elongated pond roughly 2 miles below Village of Aniak. Ice measured near center of pond.,
259,-156.877,64.7445,Alexander Lake @ Galena,2021-03-02 00:00:00,23.9,17,Karin Bodony,This is the first time I have tried drilling three holes (since the weather was warm). I also drilled a hole under the snogo trail where there were 15cm of snow\, and 73cm of ice. The gummy ice used up 2 drill batteries on 2 1/2 holes\, so the fourth was done by auger and was a bugger! 20 mins for that one.  Wacky lake ice this winter!!\n,
267,-145.544,68.1266,Arctic Village,2021-03-01 00:00:00,34.9,11,7-8grade class,We had a bonfire and snacks.  February was cold (less than 20 below all month). ,
258,-162.994,67.5741,Third Lake @ Noatak,2021-02-28 00:00:00,33.3,9,Brett Pietila,Snowmachine tracks covering lake and study site. Snow extremely hard. Had to stand on shovel to dig. First hole that I drilled was into soft mud but no water.,
265,-149.081,64.5433,Float Pond @ Nenana,2021-02-27 00:00:00,27.0,15,Aidan Coy,Air Temperature 0∫F\, Dewpoint -8∫F. Time 15:53 AKST. Weather was haze and had an overcast layer of clouds at 2\,200ft. Barometric pressure was 29.44inHg. Humidity was 71%.,
257,-147.867,64.8655,Smith Lake @ Fairbanks,2021-02-26 00:00:00,24.9,16,Christopher Douglas Arp,About 10 C\, overcast with 8 cm new snow and more on the way. Ave of -2 cm freeboard\, 11 cm snow ice\, and on an adjacent trail\, snow was 21 cm and ice thickness 89 cm.,
276,-146.357,67.0578,Big Lake @ Venetie,2021-02-26 00:00:00,31.0,10,Venetie Wolf Pack,,
255,-144.947,61.7192,Kenny Lake,2021-02-21 00:00:00,29.3,9,Mark\, Spring\, Ray,Stream seemed to have frozen up and Ice collapsed onto the creek bed. On both sides of the culvert the ice had collapsed onto the stream bed. We found a slight bit of water in hole #1 and just mud in the remaining holes. We used the snow depth gauge to measure depth of holes #2 and #3.,
264,-145.544,68.1266,Arctic Village,2021-02-18 00:00:00,32.9,11,evann and mr.johnson,Evann really liked the hand auger\, but we found the power drill to be a lot quicker.  Our water depth is an average of our three depth measurements.,
285,-155.6,62.9541,McGrath,2021-02-18 00:00:00,20.6,23,McGrath School,Morning: -5F; snowy\, cloudy\, animal tracks on side trail; not really a used trail; water depth with measuring tape only measured 64 cm due to vegetation\nAfternoon: 2F; Slushy overflow from the holes the morning group drilled; it was windy with sunny clear skies; the snow levels sunk a couple of times.,
253,-147.751,64.8605,Noyes Slough @ Fairbanks,2021-02-12 00:00:00,21.5,11,Jenn Wallace's 4th grade ,First time going out with students.  Tom Duncan volunteered as extra support.  Special project snowmachine trail ice was 202 depth  and 85 cm thickness.  Warm day at 21F.,
256,-142.985,63.3366,Tok @ Jan Lake,2021-02-10 00:00:00,22.0,12,Tok School,Had a great time. Had a little trouble with the screw!,
250,-147.867,64.8655,Smith Lake @ Fairbanks,2021-02-08 00:00:00,23.5,12,Chris Arp,About 10 cm of fresh snow\, -3 cm of freeboard\, fair bit of snow ice. I did a special project- went on a groomed ski trail and drilled a hole thru the trail. Ice thickness was 83cm and snow thickness was 15cm under the ski trail.,
247,-144.947,61.7192,Kenny Lake,2021-02-07 00:00:00,25.5,3,Mark Proch,This was out first measurement this year and we only took one ice thickness measurement.,
246,-161.766,60.7999,Browns Slough @ Bethel,2021-02-06 00:00:00,28.1,7,BRHS,On our third hole\, the area was frozen to the bottom.,
245,-162.994,67.5741,Third Lake @ Noatak,2021-02-05 00:00:00,28.1,9,Brett Pietila,Lake covered by snowmachine tracks.,
238,-149.606,68.6821,Toolik Lake @ Toolik,2021-02-03 00:00:00,33.9,6,Toolik Staff,-50F out while sampling\, dancing was needed to stay warm.,
244,-156.877,64.7445,Alexander Lake @ Galena,2021-02-02 00:00:00,20.5,15,Karin Bodony,We tried the drill for the first time on the lake ice. We still had problems with the bit spinning out and packing up with ice.,
237,-149.081,64.5433,Float Pond @ Nenana,2021-01-31 00:00:00,24.5,5,Aidan Coy\, Eric Filardi,Air Temp.: -8∫F\, Dewpoint: -15∫F\, Humidity 70%\, Barometric Pressure: 30.42inHg. Weather Remarks: Cloudy and slight wind. Snow on top of ice is not very deep but very compact and crusty when you step on it.,
270,-147.876,64.7924,Tanana River @ Fairbanks,2021-01-29 00:00:00,32.2,1,CDA,,
275,-146.357,67.0578,Big Lake @ Venetie,2021-01-29 00:00:00,28.3,10,Venetie Wolf Pack ,,
252,-155.6,62.9541,McGrath,2021-01-21 00:00:00,18.6,9,McGrath School K-12,Morning Observations: 20F\, overflow\, animal tracks\, snow-machine trails\, started to sprinkle\, overcast on hills\, cloud covered sky\, vegetation was seen in holes\n\nAfternoon Observations: 25F\, animal tracks in snow\, beaver house\, snow/rain\, measuring tape got caught on weeds and water depth had to measured with snow probe\n\nTrail snow vs ice: Snow 7.5cm\, Ice 58cm,
249,-145.544,68.1266,Arctic Village,2021-01-18 00:00:00,30.2,10,Evann peter ,,
231,-161.766,60.7999,Browns Slough @ Bethel,2021-01-11 00:00:00,24.7,8,Bethel High School,Near a beaver dam.\nDark soil when auger was pulled.,
3,-149.881,61.151,Taku Lake,2021-01-09 20:00:00,15.6,,,,Taken from Brian B. 
1,-149.958,61.153,Sand Lake,2021-01-09 12:00:00,17.0,,,,Taken by Brian Brett. 
2,-149.955,61.163,DeLong Lake,2021-01-09 12:00:00,15.2,,,,Taken by Brian Brett. 
229,-147.867,64.8655,Smith Lake @ Fairbanks,2021-01-09 00:00:00,19.6,7,cda,10 cm snow ice; downloaded TL camera,
236,-149.081,64.5433,Float Pond @ Nenana,2021-01-09 00:00:00,15.0,6,Aidan Coy\, Ryan Chaney,Air Temperature was -13∫C\, Dewpoint was -16∫C\, Humidity was 72%\, Time of observation 12:30 Alaska Standard Time. The only difficulty I had was trying to measure the water body depth with the tape measure. I think next time I will use something like a stick with measurement marks on them.,
228,-147.79,64.8628,Dog Pits,2021-01-08 00:00:00,17.6,6,CDA,10 cm snow ice; TL camera downloaded and reset,
251,-155.6,62.9541,McGrath,2021-01-08 00:00:00,15.7,10,McGrath Teachers,Tested location (old Lake)\, safety procedures\, and equipment. The area had beaver dams present and multiple animal tracks. ,
230,-147.751,64.8605,Noyes Slough @ Fairbanks,2021-01-07 00:00:00,18.5,7,Jenn Wallace\, Tom Duncan,snow was old and granular\, snowmachine trail ice thickness was 73 cm,
227,-149.606,68.6821,Toolik Lake @ Toolik,2021-01-05 00:00:00,24.5,5,TFS Staff,,
234,-156.877,64.7445,Alexander Lake @ Galena,2021-01-05 00:00:00,18.5,10,Karin Bodony,Drilling was especially difficult. We had to drill 2 holes\, and 2nd was successful but a lot of packing of the drill bit was encountered.  It was -20F or colder. We had no problem on Yukon River ice same day.,
274,-146.357,67.0578,Big Lake @ Venetie,2020-12-29 00:00:00,26.9,9,Venetie Wolf Pack ,Very Cold and Dark ,
226,-147.751,64.8605,Noyes Slough @ Fairbanks,2020-12-13 00:00:00,13.6,6,Jenn Wallace & Tom Duncan,Water depth: #1 = 20cm\, #2 = 59cm\, #3 = 167 cm.  We took an ice sample on the snowmachine trail.  The ice thickness was 51 cm and water depth 272 cm.,
225,-159.561,62.6797,Shageluk Lake @ Shageluk,2020-12-11 00:00:00,13.8,8,Innoko River Mid/Hi,With wind gusts on Shageluk Lake at 23 knots\, we were able to drill ONE ice thickness spot.  ,
223,-147.79,64.8628,Dog Pits,2020-12-08 00:00:00,13.3,5,Chris Arp,About 10 cm of snow ice. Air temp approximately -4 F and overcast skies.,
224,-147.867,64.8655,Smith Lake @ Fairbanks,2020-12-08 00:00:00,15.1,4,Chris Arp,Dog was misbehaved,
220,-142.985,63.3366,Tok @ Jan Lake,2020-12-03 00:00:00,12.5,5,R. Kelso and student,Snuck in some ice fishing while out.\nLake where we made the measurement is called Jan Lake. ,
222,-149.606,68.6821,Toolik Lake @ Toolik,2020-12-03 00:00:00,16.1,6,Toolik staff,,
221,-142.985,63.3366,Tok @ Jan Lake,2020-12-02 00:00:00,11.9,5, Kelso and Dayton ,Surprising Jan Lake and Tok just 40 miles apart and yet a difference in snow depth. Tok is about 29 cm average\, while Jan Lake was only 13 cm.,
233,-156.877,64.7445,Alexander Lake @ Galena,2020-12-01 00:00:00,13.4,10,Karin Bodony,,
248,-145.544,68.1266,Arctic Village,2020-12-01 00:00:00,24.8,5,Geoff Johnson,,
273,-146.357,67.0578,Big Lake @ Venetie,2020-11-30 00:00:00,22.6,4,Venetie Wolf Pack,We saw leaves frozen in bubbles.,
207,-147.867,64.8655,Smith Lake @ Fairbanks,2020-11-12 00:00:00,9.7,13,cda,5 cm of overflow (freeboard); SWE in adjacent forest 4.4 cm with 29 cm of snow,
206,-162.994,67.5741,Third Lake @ Noatak,2020-11-10 00:00:00,9.6,1,Noatak ARM Class,Grass and mud bottom,
205,-147.79,64.8628,Dog Pits,2020-11-09 00:00:00,9.1,11,CDA,overflow starting to form and pronounced on lake margins; SWE reported in cm,
204,-149.606,68.6821,Toolik Lake @ Toolik,2020-11-02 00:00:00,9.4,6,Toolik Staff,,
232,-156.877,64.7445,Alexander Lake @ Galena,2020-11-02 00:00:00,9.1,1,Karin Bodony,Only a thin layer of frost/snow on ice surface,
203,-147.79,64.8628,Dog Pits,2020-10-22 00:00:00,3.3,2,Koi\, Hannah\, and Chris,Nice sunny day!,
202,-147.867,64.8655,Smith Lake @ Fairbanks,2020-10-19 00:00:00,5.5,1,Chris Arp,new snow on ice,
201,-147.867,64.8655,Smith Lake @ Fairbanks,2020-10-18 00:00:00,5.4,0,Allen B.,Lots of ice skaters!,
200,-162.994,67.5741,Third Lake @ Noatak,2020-05-03 00:00:00,57.5,0,Brett Pietila,The ice quality for first 60 cm is very poor. There is a layer of poor ice\, water\, then a layer of solid ice. Ice drill works much better when the air temperature is mild (about 30*F),
198,-156.877,64.7445,Alexander Lake @ Galena,2020-04-29 00:00:00,27.2,0,Karin Bodony,Main lake ice (67 cm) was under 14 cm of meltwater\, which was topped by 4 cm of frozen meltwater.,
197,-162.994,67.5741,Third Lake @ Noatak,2020-04-24 00:00:00,60.9,0,Brett Pieitla,Dates of 4/17-4/20 had above freezing temps and significant rain which caused water to pool on surface of ice. Water has since frozen with a layer of water between layers of ice. ,
194,-162.994,67.5741,Third Lake @ Noatak,2020-04-17 00:00:00,61.7,9,Brett Pietila,Saw the first seagull of the season today. Some standing water on the ice.,
195,-149.606,68.6821,Toolik Lake @ Toolik,2020-04-15 00:00:00,61.9,5,Toolik Staff,Thickest ice we have had yet this year.  We will take measurements every two weeks as things potentially start to melt out.  ,
199,-156.877,64.7445,Alexander Lake @ Galena,2020-04-13 00:00:00,31.9,18,Karin Bodony,2cm of water under snow\, on top of ice,
190,-147.751,64.8605,Noyes Slough @ Fairbanks,2020-04-10 00:00:00,31.6,13,CDA\, AB,almost entire slough surface had snowgo disturbed snow,
188,-147.867,64.8655,Smith Lake @ Fairbanks,2020-03-31 00:00:00,23.2,16,CDA,15 cm of overflow,
187,-149.606,68.6821,Toolik Lake @ Toolik,2020-03-16 00:00:00,55.4,5,Toolik Staff ,Fresh snow on the lake\, mostly blew away the following two days.,
186,-147.867,64.8655,Smith Lake @ Fairbanks,2020-03-13 00:00:00,22.8,14,cda,Unfrozen layer below 5 cm of refrozen overflow,
193,-156.877,64.7445,Alexander Lake @ Galena,2020-03-06 00:00:00,28.7,22,Karin Bodony,Its still very cold; morning temps about -35F.,
185,-161.766,60.7999,Browns Slough @ Bethel,2020-03-03 00:00:00,27.8,22,CP\, JS\, JB\, BC,Just upstream of the buoy\, Wind chill -21F\, also upstream of a beaver dam,
189,-156.877,64.7445,Alexander Lake @ Galena,2020-02-18 00:00:00,31.5,22,Karin,There was a strange\, hard layer of dense snow above the ice that I could not get through with the shovel It did not seem to be frozen overflow. I also had a very hard time with the drill packing up and spinning. I was glad there weren't students out there trying to drill with me\, it was fairly frustrating.,
184,-147.867,64.8655,Smith Lake @ Fairbanks,2020-02-17 00:00:00,17.8,15,cda,About +3 cm of freeboard above ice surface.,
196,-149.606,68.6821,Toolik Lake @ Toolik,2020-02-15 00:00:00,50.5,2,Collin Fossum,I forgot to add this earlier.  Enjoy. Amanda,
180,-147.751,64.8605,Noyes Slough @ Fairbanks,2020-02-06 00:00:00,22.4,12,Ms Wallace's Class,measurement taken next to the buoy for calibration,
179,-147.751,64.8605,Noyes Slough @ Fairbanks,2020-01-24 00:00:00,20.1,11,Wallace's Fourth Grade ,,
183,-149.606,68.6821,Toolik Lake @ Toolik,2020-01-16 00:00:00,41.4,1,Toolik Staff (CF & AY),,
177,-162.994,67.5741,Third Lake @ Noatak,2020-01-15 00:00:00,40.0,2,9th Grade Class,We were not able to drill a hole because our ice auger kept getting plugged up. Snow cover on lake is a mix of bare ice and snow drifts.,
176,-147.867,64.8655,Smith Lake @ Fairbanks,2020-01-12 00:00:00,14.8,11,cda,nice depth hoar,
191,-156.877,64.7445,Alexander Lake @ Galena,2020-01-03 00:00:00,16.9,0,Karin Bodony,Base of ice was 43 cm below the surface of frozen overflow\, with some slush underneath the uppermost ice. There is a lot of overflow on local waterbodies right now.,
178,-147.751,64.8605,Noyes Slough @ Fairbanks,2019-12-19 00:00:00,12.5,7,Wallace's Fourth Grade ,,
175,-147.867,64.8655,Smith Lake @ Fairbanks,2019-12-17 00:00:00,11.9,8,CDA,about 10 cm of snow ice,
182,-149.606,68.6821,Toolik Lake @ Toolik,2019-12-15 00:00:00,26.3,0,Collin Fossum,,
174,-146.357,67.0578,Big Lake @ Venetie,2019-12-12 00:00:00,17.3,10,John Fredson School ,We found living organisms in our water hole.  It was 8 degrees and clear. ,
172,-147.79,64.8628,Dog Pits,2019-12-06 00:00:00,11.3,8,Arctic Princess Terri M,Layer of overflow\, fluffy snow\, hoar frost ,
173,-147.876,64.7924,Tanana River @ Fairbanks,2019-12-06 00:00:00,10.6,4,Ice Hound X,lots of overflow,
171,-147.876,64.7924,Tanana River @ Fairbanks,2019-11-30 00:00:00,14.6,4,CDA\, LHA,at buoy,
170,-147.751,64.8605,Noyes Slough @ Fairbanks,2019-11-23 00:00:00,11.2,5,CDA,measurement at buoy,
169,-147.867,64.8655,Smith Lake @ Fairbanks,2019-11-22 00:00:00,10.4,4,AB\, CDA,GPR survey done at same time,
181,-149.606,68.6821,Toolik Lake @ Toolik,2019-11-22 00:00:00,22.2,1,Jeb Timms & Collin Fossum,,
168,-147.79,64.8628,Dog Pits,2019-11-16 00:00:00,8.5,4,CDA,6 cm of snow ice and -1 cm freeboard,
165,-147.867,64.8655,Smith Lake @ Fairbanks,2019-11-12 00:00:00,10.2,1,CDA,Multiple patches of visible overflow and notable refrozen overflow about 2 cm thick with 3 cm unfrozen below. ,
166,-147.876,64.7924,Tanana River @ Fairbanks,2019-11-08 00:00:00,6.7,4,CDA\, AB,Measurement take at the Realtime Ice - Water Buoy,
163,-147.751,64.8605,Noyes Slough @ Fairbanks,2019-11-07 00:00:00,5.5,8,CDA,measurements at buoy location,
164,-147.79,64.8628,Dog Pits,2019-11-07 00:00:00,4.3,8,CDA,Overflow on W to NW margins,
160,-147.867,64.8655,Smith Lake @ Fairbanks,2019-10-30 00:00:00,4.7,0,Chris Arp,Can we make this "Additional observations\, comments\, or notes" and put it at the end of the form?,
162,-147.823,64.9194,Big Trail Lake @ Goldstream,2019-10-26 00:00:00,3.5,0,Melanie Engram,Started day with clear ice\, freezing rain during observation,
157,-147.867,64.8655,Smith Lake @ Fairbanks,2019-10-18 00:00:00,3.3,0,CA,,
158,-147.751,64.8605,Noyes Slough @ Fairbanks,2019-10-17 00:00:00,2.8,0,CA,,
159,-147.79,64.8628,Dog Pits,2019-10-17 00:00:00,1.6,0,CA,,
156,-147.867,64.8655,Smith Lake @ Fairbanks,2019-10-16 00:00:00,2.8,0,CA,near shore\, crack when drilling,
161,-147.823,64.9194,Big Trail Lake @ Goldstream,2019-10-16 00:00:00,2.9,0,Phil Hanke,Clear Black Ice,
487,-141.208,64.785,Yukon River @ Eagle,1899-12-30 00:00:00,20.7,15,Eagle Community School,,
409,-161.766,60.7999,Browns Slough @ Bethel,0000-00-00 00:00:00,39.0,14,Bethel,We were unable to get a water depth because the slough was frozen solid. We were able to get an ice thickness measurement using the avalanche probe. We only drilled one hole for that reason. The slough had snow machine tracks through where we drilled. There was a beaver dam about 10 yards from where we drilled.,
